{
    "red_cylinder": {
        "object": {
            "x": 7.120526204277454,
            "y": -4.962224862174195,
            "z": 0.017339256503038924,
            "qx": 3.148659962570929e-07,
            "qy": -7.85341527365091e-08,
            "qz": -0.2609780324187737,
            "qw": 0.9653447397664318
        },
        "robot": {
            "x": 6.256668632124157,
            "y": -4.458312600858592,
            "z": 0.00030019215413003286,
            "qx": 4.0741852683978116e-07,
            "qy": -1.0024272710209199e-07,
            "qz": -0.2609776996981992,
            "qw": 0.9653448297163354
        }
    },
    "yellow_cylinder": {
        "object": {
            "x": -3.048025888639062,
            "y": -7.759468318759474,
            "z": 0.01601812332608422,
            "qx": -0.00043280234783916256,
            "qy": 0.0010936574327601312,
            "qz": -0.5698127568481074,
            "qw": 0.8217737150388222
        },
        "robot": {
            "x": -3.491182197051591,
            "y": -6.761328542910352,
            "z": 7.543560850331588e-05,
            "qx": -0.00043280234783916246,
            "qy": 0.0010936574327600323,
            "qz": -0.5698127568481073,
            "qw": 0.8217737150388221
        }
    },
    "apple": {
        "object": {
            "x": 6.846877140392782,
            "y": 4.576608805454269,
            "z": 0.02461434318308469,
            "qx": -6.380750915736606e-08,
            "qy": -1.2541389926568058e-08,
            "qz": 0.1474177481510776,
            "qw": 0.9890743185069875
        },
        "robot": {
            "x": 5.878539716352185,
            "y": 4.28139674967526,
            "z": 0.00020899709267063749,
            "qx": -6.380750915736609e-08,
            "qy": -1.2541389977640759e-08,
            "qz": 0.14741774815107758,
            "qw": 0.9890743185069872
        }
    }
}