{
    "ball": {
        "object": {
            "x": -2.411142223293103,
            "y": 1.0244967921187584,
            "z": -0.1004874252370867,
            "qx": -0.00027360063416595405,
            "qy": 0.00012357315000299796,
            "qz": -0.021954130142192493,
            "qw": 0.999758933964618
        },
        "robot": {
            "x": -3.146425763990796,
            "y": 0.9072844500587761,
            "z": -0.00013302828978351,
            "qx": -0.00027360063416595405,
            "qy": 0.00012357315000292437,
            "qz": -0.02195413014219249,
            "qw": 0.9997589339646179
        }
    },
    "cube": {
        "object": {
            "x": -3.0450457000237527,
            "y": -7.85087300350386,
            "z": 0.01753247223883267,
            "qx": -3.838868824457161e-05,
            "qy": -9.114457240089191e-05,
            "qz": -0.4798452718449812,
            "qw": 0.8773531246351103
        },
        "robot": {
            "x": -3.5977890813505877,
            "y": -7.015955912427142,
            "z": 0.00010332679377175746,
            "qx": -3.838868824457161e-05,
            "qy": -9.114457240084708e-05,
            "qz": -0.47984527184498127,
            "qw": 0.8773531246351104
        }
    },
    "apple": {
        "object": {
            "x": 6.844477111533038,
            "y": 4.614280166126918,
            "z": 0.026576537255318153,
            "qx": -4.361277306169138e-05,
            "qy": -7.672267452141224e-05,
            "qz": 0.42794945275340235,
            "qw": 0.9038026654638838
        },
        "robot": {
            "x": 6.203164680851123,
            "y": 3.8238892782645912,
            "z": 0.00041956210322077747,
            "qx": -4.361277306169135e-05,
            "qy": -7.672267452134461e-05,
            "qz": 0.42794945275340224,
            "qw": 0.9038026654638837
        }
    }
}